{
  "macro_f1": 0.9530072847396927,
  "weighted_f1": 0.9866172305743907,
  "accuracy": 0.9857850221516739,
  "per_class": {
    "backdoor": {
      "precision": 1.0,
      "recall": 0.999,
      "f1": 0.9994997498749374,
      "support": 4000
    },
    "ddos": {
      "precision": 0.9875381485249237,
      "recall": 0.97075,
      "f1": 0.9790721129601614,
      "support": 4000
    },
    "dos": {
      "precision": 0.9982028241335045,
      "recall": 0.972,
      "f1": 0.9849271690943634,
      "support": 4000
    },
    "injection": {
      "precision": 0.9794238683127572,
      "recall": 0.952,
      "f1": 0.9655172413793104,
      "support": 4000
    },
    "mitm": {
      "precision": 0.4881516587677725,
      "recall": 0.9856459330143541,
      "f1": 0.652931854199683,
      "support": 209
    },
    "normal": {
      "precision": 0.9998999899989999,
      "recall": 0.9998,
      "f1": 0.999849992499625,
      "support": 10000
    },
    "password": {
      "precision": 0.9992372234935164,
      "recall": 0.9825,
      "f1": 0.9907979326862474,
      "support": 4000
    },
    "ransomware": {
      "precision": 0.9982530571499876,
      "recall": 1.0,
      "f1": 0.9991257649556639,
      "support": 4000
    },
    "scanning": {
      "precision": 0.986304780876494,
      "recall": 0.99025,
      "f1": 0.9882734530938124,
      "support": 4000
    },
    "xss": {
      "precision": 0.9558359621451105,
      "recall": 0.98475,
      "f1": 0.9700775766531216,
      "support": 4000
    }
  },
  "train_time": 21.631863832473755,
  "oob_score": 0.9868904244817374,
  "feature_importance": [
    0.07733955959635214,
    0.10341015843150328,
    0.021478528169195342,
    0.03279581424504641,
    0.05598492431784245,
    0.0862706800610972,
    0.06246661887892578,
    0.07832575930319216,
    0.0018247375572960007,
    0.09706538301221908,
    0.1385925552001141,
    0.060375748812350735,
    0.1037162910051743,
    0.012376426600071736,
    0.0030311451055117515,
    0.0041889494174248065,
    0.005316895540354912,
    0.006145085337003086,
    0.005510280899830354,
    0.014759803451824033,
    0.01165785608872045,
    5.5169801987905197e-05,
    4.459295077319058e-05,
    3.91173417705197e-05,
    4.67084876224152e-05,
    5.790219565327913e-08,
    1.6156022956238638e-08,
    1.9603029826346795e-05,
    1.4507870744937442e-05,
    2.601036205142231e-05,
    1.5254010786310718e-05,
    5.448875443425606e-09,
    1.3351897037833448e-05,
    2.1321488549155315e-05,
    1.7391020339696995e-05,
    1.1737230757909163e-18,
    9.69418169110884e-06,
    1.842400692616695e-05,
    4.993683902813658e-06,
    1.7797738892388615e-05,
    0.017002781588953412
  ]
}