{
  "model": "RandomForest_V2",
  "metrics": {
    "macro_f1": 0.9463694398684952,
    "weighted_f1": 0.983490516820145,
    "accuracy": 0.9823971190978228,
    "avg_inference_time": 0.41764369010925295,
    "per_class": {
      "backdoor": {
        "precision": 1.0,
        "recall": 0.999,
        "f1": 0.9994997498749374
      },
      "ddos": {
        "precision": 0.9851091142490372,
        "recall": 0.95925,
        "f1": 0.9720075997466752
      },
      "dos": {
        "precision": 0.99717659137577,
        "recall": 0.97125,
        "f1": 0.9840425531914894
      },
      "injection": {
        "precision": 0.9861727106704931,
        "recall": 0.945,
        "f1": 0.9651474530831099
      },
      "mitm": {
        "precision": 0.44395604395604393,
        "recall": 0.9665071770334929,
        "f1": 0.608433734939759
      },
      "normal": {
        "precision": 0.9954864593781344,
        "recall": 0.9925,
        "f1": 0.9939909864797196
      },
      "password": {
        "precision": 0.9987290289781393,
        "recall": 0.98225,
        "f1": 0.9904209730274767
      },
      "ransomware": {
        "precision": 0.9957648231190832,
        "recall": 0.99925,
        "f1": 0.997504367357125
      },
      "scanning": {
        "precision": 0.9855649576903932,
        "recall": 0.99,
        "f1": 0.9877775006235969
      },
      "xss": {
        "precision": 0.9421152929966651,
        "recall": 0.98875,
        "f1": 0.9648694803610637
      }
    },
    "model_size_mb": 38.43504333496094,
    "train_time_sec": 10.243088006973267
  },
  "feature_importance": {
    "src_port": 0.09944333673447886,
    "dst_port": 0.10841312180349519,
    "proto": 0.02049147942740951,
    "service": 0.03094210618936821,
    "duration": 0.049779130395825745,
    "src_bytes": 0.06577133986572412,
    "dst_bytes": 0.04959451724033078,
    "conn_state": 0.11002495979740087,
    "missed_bytes": 0.0013241498041246772,
    "src_pkts": 0.07117415794602802,
    "src_ip_bytes": 0.16703838462351145,
    "dst_pkts": 0.05886557130977392,
    "dst_ip_bytes": 0.0899761704783492,
    "dns_query": 0.013618636986912645,
    "dns_qclass": 0.005064343190279609,
    "dns_qtype": 0.006038820307940042,
    "dns_rcode": 0.005006641794562628,
    "dns_AA": 0.007294660948662892,
    "dns_RD": 0.008371901383807402,
    "dns_RA": 0.01809302278496329,
    "dns_rejected": 0.012265372229154851,
    "ssl_version": 0.000185897463013249,
    "ssl_cipher": 0.0002182214163173458,
    "ssl_resumed": 0.00020462966229744498,
    "ssl_established": 0.00021492421324915867,
    "ssl_subject": 0.0,
    "ssl_issuer": 0.0,
    "http_trans_depth": 6.361403490245093e-05,
    "http_method": 4.600872782722607e-05,
    "http_uri": 9.381383456875012e-05,
    "http_version": 5.3603770218368456e-05,
    "http_request_body_len": 0.0,
    "http_response_body_len": 4.308640248608901e-05,
    "http_status_code": 6.46667402592372e-05,
    "http_user_agent": 5.575767864584653e-05,
    "http_orig_mime_types": 0.0,
    "http_resp_mime_types": 2.421787684482253e-05,
    "weird_name": 6.546368040844875e-05,
    "weird_addl": 9.571465423586285e-06,
    "weird_notice": 6.469779143414667e-05
  }
}