{
  "macro_f1": 0.8630899989706957,
  "weighted_f1": 0.9221684112006366,
  "accuracy": 0.9184060271506077,
  "per_class_metrics": {
    "backdoor": {
      "precision": 0.9572834173266138,
      "recall": 0.99725,
      "f1": 0.976858087425003,
      "support": 4000
    },
    "ddos": {
      "precision": 0.9696147585458491,
      "recall": 0.8935,
      "f1": 0.9300026021337496,
      "support": 4000
    },
    "dos": {
      "precision": 0.9994560783247213,
      "recall": 0.91875,
      "f1": 0.9574052364204767,
      "support": 4000
    },
    "injection": {
      "precision": 0.7369668246445498,
      "recall": 0.85525,
      "f1": 0.7917148808146263,
      "support": 4000
    },
    "mitm": {
      "precision": 0.2756598240469208,
      "recall": 0.8995215311004785,
      "f1": 0.42199775533108863,
      "support": 209
    },
    "normal": {
      "precision": 1.0,
      "recall": 1.0,
      "f1": 1.0,
      "support": 10000
    },
    "password": {
      "precision": 0.8560411311053985,
      "recall": 0.8325,
      "f1": 0.8441064638783271,
      "support": 4000
    },
    "ransomware": {
      "precision": 0.9598653547384774,
      "recall": 0.92675,
      "f1": 0.9430170440091579,
      "support": 4000
    },
    "scanning": {
      "precision": 0.9678231673195299,
      "recall": 0.86475,
      "f1": 0.9133879059941906,
      "support": 4000
    },
    "xss": {
      "precision": 0.8493422685529908,
      "recall": 0.8555,
      "f1": 0.8524100137003363,
      "support": 4000
    }
  }
}