{
  "macro_f1": 0.939754557514479,
  "weighted_f1": 0.9823739024945318,
  "accuracy": 0.9807150133857708,
  "per_class": {
    "backdoor": {
      "precision": 0.9994997498749375,
      "recall": 0.999,
      "f1": 0.9992498124531133,
      "support": 4000
    },
    "ddos": {
      "precision": 0.9834014300306435,
      "recall": 0.96275,
      "f1": 0.972966144517433,
      "support": 4000
    },
    "dos": {
      "precision": 0.9974332648870636,
      "recall": 0.9715,
      "f1": 0.9842958459979736,
      "support": 4000
    },
    "injection": {
      "precision": 0.9800155722813392,
      "recall": 0.944,
      "f1": 0.961670699095887,
      "support": 4000
    },
    "mitm": {
      "precision": 0.3822975517890772,
      "recall": 0.9712918660287081,
      "f1": 0.5486486486486487,
      "support": 209
    },
    "normal": {
      "precision": 0.9976758286176233,
      "recall": 0.9873,
      "f1": 0.9924607961399275,
      "support": 10000
    },
    "password": {
      "precision": 0.9987293519695044,
      "recall": 0.9825,
      "f1": 0.9905482041587901,
      "support": 4000
    },
    "ransomware": {
      "precision": 0.9920199501246882,
      "recall": 0.9945,
      "f1": 0.9932584269662922,
      "support": 4000
    },
    "scanning": {
      "precision": 0.9865470852017937,
      "recall": 0.99,
      "f1": 0.9882705265784876,
      "support": 4000
    },
    "xss": {
      "precision": 0.9475961538461538,
      "recall": 0.9855,
      "f1": 0.9661764705882352,
      "support": 4000
    }
  },
  "train_time": 9.309930801391602,
  "oob_score": 0.9819703849950642,
  "val_f1": 0.9456983636381402,
  "feature_importance": [
    0.07236780041376854,
    0.09797772626051246,
    0.023735966642800633,
    0.02998041076372263,
    0.058011778604276136,
    0.09693233744737037,
    0.06322638381707084,
    0.0783022459229231,
    0.0017194031595621966,
    0.10992834252956683,
    0.14164764641773647,
    0.05971287273795911,
    0.09778937895377772,
    0.016313904409411977,
    0.003796265741268741,
    0.004601198407197491,
    0.006888662386652054,
    0.0057518690489993685,
    0.007160881311953647,
    0.01164512110060763,
    0.012055886669374941,
    7.133027812574806e-05,
    6.0734440565760595e-05,
    6.674423320566621e-05,
    5.584877228446899e-05,
    0.0,
    0.0,
    1.8286260121467342e-05,
    2.0667782661696168e-05,
    2.2047149361078062e-05,
    1.601592902858863e-05,
    0.0,
    1.2376648452048844e-05,
    2.0295094814396763e-05,
    2.165395151671794e-05,
    0.0,
    5.788797868281586e-06,
    2.7098861262141324e-05,
    9.857465347694156e-06,
    2.517158887144478e-05
  ]
}